customerID,gender,SeniorCitizen,tenure,PhoneService,InternetService,MonthlyCharges,TotalCharges,Churn
CUST00001,Male,0,3,No,No,87.27,231.9,Yes
CUST00002,Male,1,1,No,DSL,92.67,96.47,Yes
CUST00003,Male,1,5,Yes,Fiber optic,91.48,470.29,No
CUST00004,Female,0,54,No,Fiber optic,64.18,3603.01,Yes
CUST00005,Female,1,39,No,DSL,31.28,1322.11,Yes
CUST00006,Male,0,6,No,DSL,94.78,572.93,No
CUST00007,Male,0,65,No,No,80.3,5158.93,No
CUST00008,Female,1,8,Yes,No,81.24,611.14,Yes
CUST00009,Male,0,65,No,DSL,22.86,1651.12,No
CUST00010,Male,0,64,No,No,69.69,5018.46,No
CUST00011,Female,0,63,Yes,Fiber optic,75.61,4506.81,No
CUST00012,Female,0,4,Yes,Fiber optic,86.67,326.48,No
CUST00013,Female,0,15,No,DSL,29.18,583.42,No
CUST00014,Male,0,2,No,No,77.91,163.98,Yes
CUST00015,Male,1,5,Yes,Fiber optic,77.12,400.26,Yes
CUST00016,Male,0,12,No,Fiber optic,25.87,251.02,No
CUST00017,Male,0,42,No,DSL,48.66,1703.07,No
CUST00018,Male,0,33,Yes,No,88.98,2964.67,No
CUST00019,Male,1,62,No,Fiber optic,73.31,4177.02,Yes
CUST00020,Male,0,17,No,DSL,35.62,649.55,No
CUST00021,Male,0,70,Yes,DSL,84.83,6491.12,No
CUST00022,Male,0,42,Yes,Fiber optic,32.66,1744.74,No
CUST00023,Female,0,51,Yes,No,70.56,3324.83,No
CUST00024,Male,0,65,Yes,DSL,75.56,4904.54,No
CUST00025,Female,0,2,No,No,68.37,133.38,No
CUST00026,Female,1,8,No,Fiber optic,109.55,833.01,Yes
CUST00027,Male,0,0,No,Fiber optic,77.64,,No
CUST00028,Female,0,11,No,Fiber optic,92.62,910.66,No
CUST00029,Female,0,10,No,Fiber optic,94.21,1026.67,No
CUST00030,Male,0,34,Yes,Fiber optic,45.97,1661.59,Yes
CUST00031,Male,1,30,Yes,DSL,72.7,2462.38,No
CUST00032,Female,0,4,Yes,DSL,67.56,257.74,No
CUST00033,Male,0,52,No,DSL,75.4,3950.84,No
CUST00034,Female,0,25,Yes,DSL,55.43,1194.09,No
CUST00035,Male,0,12,Yes,Fiber optic,67.58,698.36,Yes
CUST00036,Male,1,68,Yes,Fiber optic,45.95,3353.35,No
CUST00037,Male,0,66,Yes,No,58.04,3739.55,No
CUST00038,Male,1,9,No,DSL,77.06,782.07,Yes
CUST00039,Male,0,33,No,No,41.53,1485.23,No
CUST00040,Male,0,70,No,Fiber optic,50.33,4161.48,No
CUST00041,Female,1,8,No,Fiber optic,65.9,590.26,Yes
CUST00042,Female,0,51,Yes,Fiber optic,58.79,2584.49,No
CUST00043,Female,1,3,No,DSL,87.61,274.05,No
CUST00044,Male,0,11,Yes,DSL,93.09,1002.02,No
CUST00045,Female,0,72,No,Fiber optic,81.97,5789.95,Yes
CUST00046,Female,0,3,Yes,Fiber optic,79.8,237.67,Yes
CUST00047,Female,0,7,No,Fiber optic,69.94,466.85,No
CUST00048,Female,0,8,Yes,DSL,64.94,544.37,No
CUST00049,Female,1,44,No,DSL,29.18,1338.07,No
CUST00050,Female,0,10,No,DSL,64.05,610.57,No
CUST00051,Male,0,14,Yes,DSL,51.61,840.96,No
CUST00052,Male,0,49,No,Fiber optic,20.81,1337.84,No
CUST00053,Female,0,42,Yes,DSL,37.49,1745.6,No
CUST00054,Male,0,20,Yes,DSL,82.69,1720.18,No
CUST00055,Female,0,54,Yes,DSL,51.3,2596.32,No
CUST00056,Female,1,47,Yes,Fiber optic,70.87,3120.25,No
CUST00057,Female,0,27,No,DSL,96.85,2619.82,No
CUST00058,Female,0,32,Yes,Fiber optic,73.31,2499.98,Yes
CUST00059,Male,0,10,No,DSL,66.57,708.45,No
CUST00060,Male,0,11,Yes,DSL,70.62,679.17,No
CUST00061,Male,0,52,Yes,DSL,23.13,1427.49,No
CUST00062,Female,0,0,Yes,Fiber optic,107.82,,Yes
CUST00063,Male,0,39,No,Fiber optic,36.21,1287.11,No
CUST00064,Female,0,11,No,DSL,77.75,765.91,Yes
CUST00065,Female,0,12,Yes,Fiber optic,83.92,1071.75,No
CUST00066,Male,0,61,Yes,DSL,94.29,5941.22,No
CUST00067,Male,0,26,No,DSL,71.44,1632.77,No
CUST00068,Female,0,13,Yes,Fiber optic,76.86,1112.8,No
CUST00069,Female,0,52,Yes,Fiber optic,74.99,4290.93,No
CUST00070,Male,0,25,No,Fiber optic,68.37,1612.22,No
CUST00071,Female,0,30,Yes,No,79.38,2222.43,No
CUST00072,Female,0,10,Yes,Fiber optic,61.99,532.2,No
CUST00073,Female,0,7,No,Fiber optic,82.67,542.4,Yes
CUST00074,Female,0,12,No,No,30.59,468.32,No
CUST00075,Male,0,7,No,Fiber optic,106.25,796.56,No
CUST00076,Female,0,63,Yes,Fiber optic,29.29,2387.82,No
CUST00077,Male,0,43,No,Fiber optic,28.5,1373.6,No
CUST00078,Female,1,20,Yes,No,32.98,829.22,No
CUST00079,Male,1,17,Yes,DSL,23.85,420.49,No
CUST00080,Female,1,20,Yes,No,93.01,1843.45,No
CUST00081,Female,0,9,Yes,No,94.97,912.61,Yes
CUST00082,Female,0,11,Yes,DSL,75.24,848.96,No
CUST00083,Female,0,2,No,DSL,91.04,,No
CUST00084,Female,0,6,No,Fiber optic,68.01,458.59,No
CUST00085,Female,1,36,No,DSL,31.07,760.49,No
CUST00086,Male,0,10,Yes,DSL,91.13,941.21,No
CUST00087,Female,0,51,No,DSL,88.95,4952.52,No
CUST00088,Female,0,35,Yes,Fiber optic,49.3,1728.07,Yes
CUST00089,Female,0,72,Yes,Fiber optic,70.58,5385.13,Yes
CUST00090,Female,1,1,No,Fiber optic,98.59,88.82,Yes
CUST00091,Female,0,1,No,Fiber optic,104.83,,Yes
CUST00092,Female,0,39,Yes,DSL,75.91,2610.69,No
CUST00093,Female,0,53,Yes,No,64.87,2954.99,No
CUST00094,Female,0,2,Yes,Fiber optic,69.64,128.21,No
CUST00095,Female,0,49,Yes,DSL,91.48,4121.03,No
CUST00096,Female,0,69,Yes,Fiber optic,74.15,5554.73,No
CUST00097,Female,0,34,No,DSL,70.56,2131.07,No
CUST00098,Female,0,32,No,Fiber optic,69.7,1951.89,Yes
CUST00099,Male,0,35,No,Fiber optic,93.7,3082.52,Yes
CUST00100,Male,0,70,No,No,30.3,1648.17,No
CUST00101,Male,0,9,Yes,Fiber optic,100.96,969.43,Yes
CUST00102,Female,0,33,Yes,DSL,87.71,3137.46,No
CUST00103,Male,1,21,Yes,DSL,65.15,1338.16,No
CUST00104,Female,1,13,Yes,No,66.72,738.38,No
CUST00105,Female,1,9,Yes,DSL,74.73,698.29,Yes
CUST00106,Female,1,21,No,Fiber optic,96.45,2125.01,No
CUST00107,Female,0,63,Yes,DSL,58.19,3609.08,No
CUST00108,Male,0,1,Yes,DSL,101.75,111.05,Yes
CUST00109,Male,0,35,Yes,DSL,29.22,716.28,No
CUST00110,Female,0,38,No,Fiber optic,87.23,3533.12,No
CUST00111,Male,0,34,No,DSL,66.08,2372.41,No
CUST00112,Male,0,9,No,Fiber optic,105.69,1026.75,No
CUST00113,Female,0,24,Yes,Fiber optic,30.06,572.71,Yes
CUST00114,Female,0,12,Yes,DSL,59.33,772.78,No
CUST00115,Female,0,40,No,Fiber optic,36.07,1540.74,No
CUST00116,Female,1,12,No,Fiber optic,84.48,1060.24,Yes
CUST00117,Male,0,21,Yes,No,74.25,1707.1,No
CUST00118,Female,0,0,Yes,DSL,81.7,,Yes
CUST00119,Male,1,54,Yes,DSL,26.27,1675.14,Yes
CUST00120,Female,0,60,Yes,DSL,64.79,3546.61,No
CUST00121,Male,0,7,No,Fiber optic,69.24,515.41,No
CUST00122,Female,0,5,No,Fiber optic,80.86,452.72,No
CUST00123,Female,0,53,No,DSL,61.69,3710.99,No
CUST00124,Male,1,2,No,DSL,77.87,166.7,No
CUST00125,Female,0,7,No,DSL,92.83,677.56,Yes
CUST00126,Female,1,6,No,Fiber optic,84.3,459.9,Yes
CUST00127,Male,0,3,Yes,Fiber optic,97.05,264.46,Yes
CUST00128,Female,0,1,No,DSL,88.56,93.5,No
CUST00129,Male,0,43,No,No,88.57,4036.42,No
CUST00130,Female,0,19,No,No,91.41,1918.92,No
CUST00131,Female,0,2,No,Fiber optic,67.0,119.74,Yes
CUST00132,Male,0,17,No,No,92.96,1541.43,No
CUST00133,Male,1,11,Yes,Fiber optic,68.41,816.82,Yes
CUST00134,Male,0,44,No,DSL,61.63,2842.92,No
CUST00135,Male,0,16,Yes,DSL,88.53,1370.96,No
CUST00136,Male,0,20,Yes,DSL,81.2,1530.28,No
CUST00137,Female,0,8,Yes,DSL,78.96,554.58,Yes
CUST00138,Female,0,56,Yes,Fiber optic,34.05,1666.84,No
CUST00139,Male,0,45,No,DSL,90.12,3761.5,No
CUST00140,Male,0,7,No,Fiber optic,72.26,560.99,No
CUST00141,Female,0,13,Yes,Fiber optic,37.95,529.27,Yes
CUST00142,Male,0,2,Yes,DSL,66.09,145.23,No
CUST00143,Male,0,4,No,DSL,86.41,380.35,No
CUST00144,Female,1,61,No,Fiber optic,99.9,6180.95,Yes
CUST00145,Female,0,62,No,Fiber optic,93.04,5354.7,Yes
CUST00146,Male,0,40,No,No,42.23,1874.16,No
CUST00147,Male,0,6,No,DSL,61.52,315.12,No
CUST00148,Female,1,59,No,No,56.41,3296.56,No
CUST00149,Female,0,9,No,DSL,80.21,775.53,No
CUST00150,Female,0,8,No,DSL,84.51,722.26,No
CUST00151,Female,0,4,No,DSL,88.43,390.75,Yes
CUST00152,Male,0,24,Yes,DSL,67.31,1592.25,No
CUST00153,Female,0,11,Yes,Fiber optic,95.38,1012.19,No
CUST00154,Female,0,16,Yes,Fiber optic,82.88,1248.3,No
CUST00155,Male,0,59,Yes,Fiber optic,79.3,5235.6,Yes
CUST00156,Male,0,27,No,Fiber optic,69.49,1645.62,No
CUST00157,Male,0,1,Yes,Fiber optic,108.83,111.95,Yes
CUST00158,Male,0,52,Yes,Fiber optic,30.29,1247.32,No
CUST00159,Male,0,21,No,DSL,98.15,1991.01,No
CUST00160,Female,0,58,No,DSL,57.28,3394.99,No
CUST00161,Female,0,72,No,No,92.33,6521.15,No
CUST00162,Female,1,2,Yes,DSL,92.57,175.18,Yes
CUST00163,Male,0,27,No,Fiber optic,26.56,648.03,No
CUST00164,Female,0,21,No,DSL,96.43,2148.55,No
CUST00165,Female,1,0,Yes,No,101.38,,No
CUST00166,Female,0,58,Yes,No,28.24,2138.62,No
CUST00167,Male,0,2,No,DSL,103.68,215.89,No
CUST00168,Female,0,43,No,No,83.02,3461.52,No
CUST00169,Female,0,3,No,DSL,98.69,279.25,Yes
CUST00170,Male,0,5,No,DSL,64.51,282.62,No
CUST00171,Male,0,37,No,DSL,95.05,3243.72,No
CUST00172,Male,0,20,No,No,48.71,814.9,No
CUST00173,Male,1,33,No,Fiber optic,97.37,3178.69,No
CUST00174,Female,0,38,No,DSL,23.08,977.63,No
CUST00175,Female,0,37,No,DSL,73.62,2968.03,No
CUST00176,Female,0,56,No,No,63.22,3179.08,No
CUST00177,Female,0,33,No,DSL,65.03,2218.63,No
CUST00178,Male,0,46,No,Fiber optic,97.36,4419.96,No
CUST00179,Female,0,2,Yes,Fiber optic,64.97,148.1,Yes
CUST00180,Male,0,43,No,DSL,89.83,4287.55,No
CUST00181,Male,0,20,No,DSL,67.17,1476.32,No
CUST00182,Female,0,55,No,No,99.78,5782.62,No
CUST00183,Male,0,9,No,Fiber optic,106.07,980.72,No
CUST00184,Female,0,40,Yes,Fiber optic,63.95,,No
CUST00185,Female,0,24,No,Fiber optic,80.65,,No
CUST00186,Female,1,28,No,DSL,67.13,1705.5,No
CUST00187,Male,0,55,Yes,Fiber optic,38.92,1733.47,No
CUST00188,Female,0,2,Yes,DSL,109.13,220.03,No
CUST00189,Male,0,35,Yes,DSL,99.14,3644.94,No
CUST00190,Female,0,28,Yes,DSL,90.51,2497.58,No
CUST00191,Female,0,11,Yes,No,61.73,761.24,No
CUST00192,Female,0,19,No,Fiber optic,77.61,1393.54,No
CUST00193,Male,0,65,Yes,Fiber optic,28.94,2390.93,No
CUST00194,Female,1,4,No,No,84.58,300.52,Yes
CUST00195,Female,0,7,Yes,Fiber optic,93.97,725.33,Yes
CUST00196,Female,0,22,No,Fiber optic,86.19,1786.02,Yes
CUST00197,Female,0,69,No,DSL,68.19,5072.27,No
CUST00198,Female,1,12,Yes,Fiber optic,82.36,1090.37,Yes
CUST00199,Male,0,8,No,DSL,94.02,828.75,No
CUST00200,Male,0,21,No,DSL,38.14,1002.11,No
CUST00201,Female,1,60,No,No,76.59,,No
CUST00202,Female,0,4,Yes,No,109.62,412.27,Yes
CUST00203,Male,0,45,Yes,DSL,83.05,3401.44,No
CUST00204,Male,0,9,Yes,Fiber optic,65.78,564.55,Yes
CUST00205,Male,0,30,Yes,DSL,89.09,2529.33,No
CUST00206,Female,0,32,Yes,Fiber optic,22.06,578.95,No
CUST00207,Male,0,62,No,DSL,28.05,1160.15,No
CUST00208,Female,0,12,No,Fiber optic,51.67,538.8,No
CUST00209,Male,0,23,Yes,DSL,88.84,1881.93,No
CUST00210,Male,0,21,Yes,Fiber optic,46.28,801.62,No
CUST00211,Female,0,5,Yes,DSL,107.6,530.6,Yes
CUST00212,Male,0,68,Yes,DSL,75.47,4934.5,No
CUST00213,Male,0,63,No,No,98.35,5572.73,No
CUST00214,Female,0,47,No,DSL,61.19,2958.31,No
CUST00215,Male,0,1,Yes,DSL,65.89,68.76,No
CUST00216,Female,1,2,No,DSL,91.93,196.25,Yes
CUST00217,Female,0,29,Yes,DSL,75.53,2447.99,No
CUST00218,Male,0,12,No,DSL,58.39,,No
CUST00219,Female,0,12,Yes,No,45.68,556.42,No
CUST00220,Female,0,7,No,Fiber optic,83.09,527.24,No
CUST00221,Male,0,64,Yes,DSL,99.61,5986.85,No
CUST00222,Male,0,20,Yes,Fiber optic,52.22,1101.9,No
CUST00223,Male,0,30,Yes,DSL,68.63,2076.13,No
CUST00224,Male,0,2,No,No,75.37,148.5,No
CUST00225,Male,1,0,Yes,DSL,70.65,,Yes
CUST00226,Male,0,4,Yes,Fiber optic,62.1,210.65,No
CUST00227,Male,0,7,No,No,80.23,,Yes
CUST00228,Male,0,57,Yes,Fiber optic,94.85,4890.36,No
CUST00229,Female,0,3,Yes,Fiber optic,95.84,,Yes
CUST00230,Male,0,21,No,DSL,93.94,1889.97,No
CUST00231,Female,0,8,Yes,Fiber optic,69.6,565.16,No
CUST00232,Male,0,5,No,Fiber optic,94.01,468.05,Yes
CUST00233,Male,0,11,Yes,Fiber optic,79.62,773.31,Yes
CUST00234,Female,1,66,Yes,Fiber optic,63.57,,No
CUST00235,Male,0,54,Yes,Fiber optic,43.4,1900.88,Yes
CUST00236,Female,1,57,No,Fiber optic,72.51,4365.57,Yes
CUST00237,Male,1,21,Yes,Fiber optic,62.01,1493.72,No
CUST00238,Male,0,25,No,No,74.15,2098.44,No
CUST00239,Female,0,5,Yes,Fiber optic,82.74,376.41,No
CUST00240,Female,0,11,No,DSL,88.9,1001.34,No
CUST00241,Male,0,1,No,Fiber optic,88.48,,Yes
CUST00242,Female,0,1,Yes,No,106.06,98.02,Yes
CUST00243,Male,0,62,Yes,Fiber optic,23.57,1507.35,No
CUST00244,Female,0,47,No,Fiber optic,77.3,3913.41,No
CUST00245,Female,0,11,No,DSL,90.36,1003.55,Yes
CUST00246,Female,0,11,Yes,Fiber optic,88.89,905.67,Yes
CUST00247,Male,0,19,No,Fiber optic,78.68,1420.58,No
CUST00248,Female,0,7,No,Fiber optic,97.34,670.76,Yes
CUST00249,Female,0,4,Yes,Fiber optic,73.86,310.22,Yes
CUST00250,Male,0,27,No,DSL,71.05,2062.11,No
CUST00251,Male,0,9,No,Fiber optic,97.67,861.91,No
CUST00252,Female,0,24,No,DSL,87.45,1878.93,No
CUST00253,Female,0,22,No,DSL,93.58,2065.04,No
CUST00254,Female,0,30,Yes,No,26.38,690.01,No
CUST00255,Female,1,52,No,Fiber optic,40.6,2466.44,No
CUST00256,Female,0,7,Yes,Fiber optic,99.91,634.52,No
CUST00257,Female,1,44,No,Fiber optic,33.4,1077.05,No
CUST00258,Female,1,12,Yes,No,90.59,1194.79,Yes
CUST00259,Male,0,57,Yes,Fiber optic,41.59,2787.62,Yes
CUST00260,Female,0,2,Yes,Fiber optic,100.29,197.71,Yes
CUST00261,Male,1,15,Yes,DSL,76.9,1009.67,Yes
CUST00262,Female,0,11,No,DSL,106.8,1228.59,Yes
CUST00263,Male,0,63,Yes,Fiber optic,27.46,2230.78,Yes
CUST00264,Male,0,38,Yes,No,35.38,1613.73,No
CUST00265,Male,1,2,Yes,DSL,87.14,168.66,No
CUST00266,Male,0,8,No,DSL,89.17,684.28,Yes
CUST00267,Male,0,68,Yes,DSL,73.33,4630.61,No
CUST00268,Male,1,10,No,Fiber optic,89.39,878.09,Yes
CUST00269,Male,0,3,No,Fiber optic,73.39,241.25,Yes
CUST00270,Female,0,65,No,Fiber optic,61.47,3637.7,No
CUST00271,Female,0,0,No,Fiber optic,71.84,,Yes
CUST00272,Female,0,46,Yes,Fiber optic,55.97,2176.0,Yes
CUST00273,Male,1,49,Yes,No,75.76,3619.14,No
CUST00274,Male,0,1,Yes,Fiber optic,86.3,90.95,No
CUST00275,Male,0,12,No,No,76.9,918.23,No
CUST00276,Male,1,12,Yes,Fiber optic,80.05,927.29,Yes
CUST00277,Female,0,5,Yes,No,105.16,515.08,Yes
CUST00278,Female,0,32,Yes,No,33.52,1090.4,No
CUST00279,Male,0,24,Yes,Fiber optic,36.15,633.48,No
CUST00280,Female,0,22,No,No,78.84,1939.57,No
CUST00281,Female,0,12,Yes,DSL,32.76,275.0,No
CUST00282,Female,0,54,No,DSL,24.22,917.87,No
CUST00283,Male,0,12,No,Fiber optic,96.34,1064.44,No
CUST00284,Male,0,68,No,DSL,62.19,,No
CUST00285,Male,0,33,Yes,Fiber optic,20.23,,No
CUST00286,Female,0,12,No,No,81.66,920.9,No
CUST00287,Female,0,23,No,Fiber optic,93.21,2244.25,No
CUST00288,Female,0,1,Yes,DSL,64.27,70.19,No
CUST00289,Male,0,70,Yes,Fiber optic,88.81,6822.04,No
CUST00290,Male,0,9,No,Fiber optic,64.34,597.96,Yes
CUST00291,Female,0,60,Yes,DSL,70.28,4502.74,No
CUST00292,Male,0,15,Yes,DSL,76.39,1180.1,No
CUST00293,Female,1,45,Yes,Fiber optic,83.2,3692.17,No
CUST00294,Female,0,43,No,Fiber optic,33.94,1728.04,Yes
CUST00295,Female,1,65,No,DSL,38.36,2236.12,No
CUST00296,Male,0,51,Yes,Fiber optic,81.86,4415.24,Yes
CUST00297,Female,0,34,No,DSL,34.57,898.57,No
CUST00298,Male,0,43,No,No,36.38,1788.01,No
CUST00299,Male,0,9,No,Fiber optic,67.37,669.47,No
CUST00300,Female,0,12,No,DSL,73.56,855.9,No
CUST00301,Male,0,6,Yes,DSL,98.11,592.58,No
CUST00302,Male,0,0,No,Fiber optic,88.29,,Yes
CUST00303,Female,1,11,Yes,No,90.68,,No
CUST00304,Female,0,45,Yes,DSL,47.29,1873.51,No
CUST00305,Male,0,33,Yes,Fiber optic,93.28,2861.4,Yes
CUST00306,Male,0,63,Yes,DSL,37.42,1907.32,No
CUST00307,Male,0,43,No,DSL,35.37,1868.05,No
CUST00308,Female,0,7,No,DSL,98.88,750.3,No
CUST00309,Female,0,43,No,DSL,95.92,4256.19,No
CUST00310,Male,0,39,Yes,Fiber optic,66.81,2447.8,No
CUST00311,Male,0,20,No,DSL,56.91,1086.05,No
CUST00312,Female,1,37,Yes,DSL,81.18,2725.63,No
CUST00313,Female,0,55,Yes,No,85.98,5171.02,No
CUST00314,Female,0,66,Yes,Fiber optic,62.64,3711.78,No
CUST00315,Female,1,35,No,Fiber optic,72.81,,No
CUST00316,Female,0,22,No,Fiber optic,97.82,2221.4,No
CUST00317,Female,0,3,No,No,102.21,291.2,Yes
CUST00318,Male,0,7,Yes,Fiber optic,86.2,599.09,No
CUST00319,Female,0,57,No,DSL,84.24,5044.33,No
CUST00320,Female,0,22,Yes,DSL,71.85,1603.9,No
CUST00321,Female,0,51,No,Fiber optic,40.29,2059.47,No
CUST00322,Female,0,1,Yes,Fiber optic,78.42,85.1,Yes
CUST00323,Female,0,6,Yes,Fiber optic,74.77,399.28,Yes
CUST00324,Female,1,38,Yes,Fiber optic,47.83,1868.87,No
CUST00325,Female,1,1,No,DSL,101.13,92.33,No
CUST00326,Male,0,64,No,Fiber optic,26.84,2160.76,Yes
CUST00327,Female,0,56,Yes,Fiber optic,78.87,4136.93,No
CUST00328,Female,0,50,No,DSL,84.99,3996.75,No
CUST00329,Female,0,46,No,DSL,63.64,3214.49,No
CUST00330,Male,0,8,Yes,DSL,76.79,573.22,Yes
CUST00331,Female,0,10,No,DSL,66.58,714.1,No
CUST00332,Female,0,2,Yes,Fiber optic,100.26,194.7,No
CUST00333,Male,0,56,Yes,Fiber optic,95.06,5519.37,No
CUST00334,Female,1,46,No,Fiber optic,51.11,2018.25,No
CUST00335,Female,0,45,No,DSL,27.34,1672.65,No
CUST00336,Male,0,63,No,Fiber optic,62.44,4304.3,Yes
CUST00337,Female,0,8,No,DSL,82.81,716.89,Yes
CUST00338,Female,0,8,Yes,DSL,99.11,867.09,Yes
CUST00339,Male,0,0,Yes,DSL,106.6,,Yes
CUST00340,Female,0,69,Yes,DSL,71.96,4363.61,No
CUST00341,Male,0,16,Yes,DSL,55.17,907.14,No
CUST00342,Female,0,8,No,Fiber optic,82.04,612.56,No
CUST00343,Female,0,60,No,DSL,76.73,4661.83,No
CUST00344,Male,0,58,Yes,DSL,81.8,5022.17,No
CUST00345,Female,1,10,No,DSL,89.12,896.1,Yes
CUST00346,Male,0,5,No,Fiber optic,88.21,458.62,Yes
CUST00347,Female,0,8,Yes,Fiber optic,65.75,570.18,No
CUST00348,Female,0,7,Yes,DSL,64.4,444.45,No
CUST00349,Female,1,3,No,No,82.58,,No
CUST00350,Female,0,32,No,No,69.0,1983.74,No
CUST00351,Female,1,70,No,No,83.18,6215.44,No
CUST00352,Male,0,14,No,No,89.2,1125.9,No
CUST00353,Female,0,26,Yes,Fiber optic,33.87,880.48,No
CUST00354,Female,0,23,Yes,Fiber optic,99.13,2094.54,No
CUST00355,Male,1,18,No,DSL,84.34,1583.27,Yes
CUST00356,Male,0,11,Yes,DSL,63.39,,No
CUST00357,Male,1,32,No,Fiber optic,27.53,716.87,Yes
CUST00358,Female,1,4,Yes,DSL,100.22,379.64,Yes
CUST00359,Female,0,1,No,DSL,106.47,108.05,No
CUST00360,Male,0,5,Yes,DSL,91.35,476.38,No
CUST00361,Female,0,41,Yes,Fiber optic,30.62,1073.59,No
CUST00362,Male,0,54,No,Fiber optic,20.59,1465.27,No
CUST00363,Female,1,7,No,DSL,87.02,540.53,Yes
CUST00364,Female,0,1,Yes,Fiber optic,94.52,102.47,Yes
CUST00365,Female,0,23,No,Fiber optic,88.49,2146.56,Yes
CUST00366,Female,1,10,No,Fiber optic,102.45,1110.14,No
CUST00367,Male,0,12,No,No,68.01,916.93,No
CUST00368,Male,0,72,Yes,No,83.41,5390.0,No
CUST00369,Male,1,61,No,DSL,93.11,5106.51,No
CUST00370,Male,0,53,Yes,DSL,25.72,1776.29,No
CUST00371,Female,0,0,Yes,DSL,60.46,,No
CUST00372,Male,0,22,Yes,DSL,46.21,1061.43,No
CUST00373,Male,1,39,No,DSL,85.59,3587.27,Yes
CUST00374,Male,0,11,Yes,DSL,65.57,784.63,No
CUST00375,Male,0,9,No,No,82.43,737.36,No
CUST00376,Female,0,71,Yes,Fiber optic,64.56,3985.55,No
CUST00377,Male,0,1,Yes,DSL,82.84,90.42,Yes
CUST00378,Male,1,0,No,Fiber optic,102.56,,No
CUST00379,Female,0,23,No,DSL,28.18,500.41,No
CUST00380,Male,0,1,No,No,60.96,67.03,No
CUST00381,Female,0,4,Yes,Fiber optic,82.89,312.07,Yes
CUST00382,Male,0,55,No,Fiber optic,58.3,2792.04,Yes
CUST00383,Female,0,7,No,DSL,65.59,525.5,No
CUST00384,Male,1,17,No,DSL,24.94,,No
CUST00385,Male,0,58,Yes,No,59.58,3994.58,No
CUST00386,Male,0,8,No,Fiber optic,95.44,821.79,No
CUST00387,Female,0,54,Yes,Fiber optic,80.44,4115.95,Yes
CUST00388,Male,0,55,Yes,DSL,84.49,4451.93,No
CUST00389,Female,0,29,Yes,No,71.53,,No
CUST00390,Female,0,48,Yes,No,84.98,4280.61,No
CUST00391,Female,1,53,Yes,Fiber optic,26.94,1253.21,No
CUST00392,Female,0,54,No,No,53.55,3286.29,No
CUST00393,Male,0,71,No,DSL,38.47,2095.36,No
CUST00394,Female,1,52,No,Fiber optic,74.65,3399.89,No
CUST00395,Female,0,39,No,No,36.22,1241.6,No
CUST00396,Female,0,11,Yes,DSL,65.14,718.97,No
CUST00397,Male,1,9,Yes,Fiber optic,98.68,808.03,Yes
CUST00398,Female,0,11,No,Fiber optic,69.48,849.85,Yes
CUST00399,Male,1,23,Yes,Fiber optic,74.26,1772.7,No
CUST00400,Male,0,70,Yes,DSL,42.28,3629.09,No
CUST00401,Female,0,59,Yes,Fiber optic,58.68,3715.09,Yes
CUST00402,Male,0,3,No,Fiber optic,70.96,235.07,Yes
CUST00403,Male,0,54,Yes,Fiber optic,29.59,1287.58,No
CUST00404,Female,0,25,No,DSL,26.87,,No
CUST00405,Female,1,43,No,DSL,34.21,1271.41,No
CUST00406,Male,0,1,Yes,Fiber optic,106.11,113.78,No
CUST00407,Male,0,58,Yes,Fiber optic,85.32,4712.14,No
CUST00408,Female,0,7,Yes,DSL,89.63,621.78,Yes
CUST00409,Male,0,21,Yes,No,76.9,1742.26,No
CUST00410,Male,1,5,Yes,DSL,106.5,503.97,Yes
CUST00411,Male,0,2,Yes,No,73.37,,Yes
CUST00412,Male,0,65,Yes,No,78.55,5545.24,No
CUST00413,Male,0,9,Yes,No,91.76,,Yes
CUST00414,Male,1,12,Yes,Fiber optic,57.4,683.37,Yes
CUST00415,Female,1,36,Yes,No,54.94,1812.8,No
CUST00416,Female,0,10,No,No,77.79,827.21,No
CUST00417,Male,1,12,No,No,34.7,474.94,Yes
CUST00418,Male,0,58,Yes,DSL,51.19,2423.1,No
CUST00419,Female,0,32,Yes,DSL,68.3,1949.61,No
CUST00420,Female,0,65,No,Fiber optic,49.74,3731.72,No
CUST00421,Male,0,49,Yes,DSL,45.83,1813.72,No
CUST00422,Male,0,8,Yes,Fiber optic,62.44,438.4,No
CUST00423,Female,0,20,Yes,DSL,60.1,1038.06,No
CUST00424,Male,0,0,Yes,DSL,87.23,,Yes
CUST00425,Female,0,8,Yes,DSL,95.31,707.67,No
CUST00426,Female,0,2,No,DSL,87.95,156.66,Yes
CUST00427,Male,0,9,Yes,No,98.28,917.57,No
CUST00428,Male,1,8,No,No,76.84,578.14,Yes
CUST00429,Male,0,31,Yes,No,27.38,539.3,No
CUST00430,Female,0,12,No,DSL,52.96,625.91,No
CUST00431,Female,0,71,No,DSL,47.82,3429.44,No
CUST00432,Female,0,53,Yes,No,60.86,3458.88,No
CUST00433,Female,0,68,Yes,No,62.94,4567.24,No
CUST00434,Female,0,4,No,DSL,66.5,226.08,No
CUST00435,Female,0,62,No,Fiber optic,46.05,2971.41,No
CUST00436,Female,0,14,No,No,40.99,511.82,No
CUST00437,Male,0,66,No,Fiber optic,45.81,2868.0,Yes
CUST00438,Male,1,17,No,Fiber optic,67.53,1177.35,No
CUST00439,Female,1,20,No,DSL,91.95,1763.99,No
CUST00440,Male,1,12,No,DSL,56.33,592.87,No
CUST00441,Male,1,9,No,DSL,96.07,925.21,Yes
CUST00442,Female,0,62,No,Fiber optic,49.75,2820.59,No
CUST00443,Female,0,46,Yes,No,32.29,1583.91,No
CUST00444,Male,0,11,No,No,70.64,873.36,Yes
CUST00445,Female,0,6,No,DSL,93.41,564.9,Yes
CUST00446,Male,0,12,Yes,DSL,60.95,780.88,No
CUST00447,Male,0,36,No,Fiber optic,74.52,2666.8,No
CUST00448,Female,0,21,No,DSL,63.23,1195.48,No
CUST00449,Male,0,6,No,Fiber optic,76.74,427.03,Yes
CUST00450,Female,0,12,No,Fiber optic,81.49,1021.42,No
CUST00451,Male,0,40,No,Fiber optic,35.58,1658.22,Yes
CUST00452,Female,0,2,No,Fiber optic,68.42,124.95,Yes
CUST00453,Male,0,53,Yes,No,41.94,2727.14,No
CUST00454,Male,1,32,No,DSL,44.45,1717.97,No
CUST00455,Female,0,37,Yes,Fiber optic,33.49,1256.84,No
CUST00456,Female,0,48,Yes,No,91.92,4222.85,No
CUST00457,Male,0,3,No,DSL,102.98,334.11,Yes
CUST00458,Female,1,66,Yes,DSL,31.1,2379.01,No
CUST00459,Female,1,35,Yes,DSL,81.23,2527.4,No
CUST00460,Female,0,21,Yes,DSL,31.24,706.13,No
CUST00461,Female,0,72,No,Fiber optic,79.43,,Yes
CUST00462,Female,0,8,No,No,69.23,572.43,No
CUST00463,Male,0,10,Yes,Fiber optic,76.57,705.64,Yes
CUST00464,Male,0,49,Yes,Fiber optic,69.58,3589.31,Yes
CUST00465,Male,0,35,Yes,No,88.52,3387.97,No
CUST00466,Female,0,15,No,Fiber optic,62.04,991.7,Yes
CUST00467,Male,1,2,No,DSL,94.88,169.77,Yes
CUST00468,Female,0,4,No,DSL,103.07,381.3,No
CUST00469,Female,0,54,Yes,No,97.77,4929.71,No
CUST00470,Male,1,7,Yes,No,105.66,736.29,Yes
CUST00471,Female,0,59,No,Fiber optic,78.41,4425.28,No
CUST00472,Female,0,11,No,DSL,102.21,1108.65,Yes
CUST00473,Female,0,26,Yes,No,74.95,2140.21,No
CUST00474,Female,1,46,Yes,DSL,37.92,,Yes
CUST00475,Male,0,68,Yes,DSL,91.54,6805.64,No
CUST00476,Male,0,65,No,DSL,76.93,5605.52,No
CUST00477,Male,0,57,Yes,Fiber optic,64.03,3419.18,No
CUST00478,Female,0,6,Yes,Fiber optic,72.62,425.67,No
CUST00479,Female,0,3,Yes,No,84.47,226.85,Yes
CUST00480,Female,0,60,No,No,47.99,2550.27,No
CUST00481,Male,0,1,No,DSL,68.82,61.19,No
CUST00482,Male,0,2,No,DSL,64.5,131.52,No
CUST00483,Female,0,31,No,DSL,29.91,1144.83,No
CUST00484,Male,0,0,No,DSL,104.23,,No
CUST00485,Female,0,2,No,DSL,87.24,194.41,Yes
CUST00486,Female,0,32,No,Fiber optic,46.51,,No
CUST00487,Male,0,18,No,DSL,22.08,501.3,No
CUST00488,Female,1,4,Yes,DSL,76.88,311.02,Yes
CUST00489,Male,0,38,No,DSL,83.35,2987.95,No
CUST00490,Female,0,0,No,Fiber optic,96.63,,No
CUST00491,Female,0,26,No,No,20.32,642.25,No
CUST00492,Male,0,9,Yes,DSL,64.15,651.12,No
CUST00493,Female,0,63,No,DSL,79.12,,No
CUST00494,Female,1,71,No,DSL,66.46,5078.94,No
CUST00495,Male,1,29,No,DSL,97.57,2549.97,Yes
CUST00496,Male,0,38,No,DSL,95.82,3742.68,No
CUST00497,Male,1,9,Yes,DSL,94.9,821.28,Yes
CUST00498,Male,0,7,No,No,102.94,705.87,No
CUST00499,Male,1,30,Yes,DSL,70.77,2088.43,No
CUST00500,Female,1,38,Yes,DSL,22.82,860.91,Yes
CUST00501,Male,0,27,Yes,Fiber optic,56.87,1679.24,No
CUST00502,Female,0,67,Yes,DSL,69.45,4334.62,No
CUST00503,Male,0,36,Yes,No,92.4,3191.96,No
CUST00504,Male,0,67,No,Fiber optic,95.05,,Yes
CUST00505,Female,0,59,No,No,57.91,2828.94,No
CUST00506,Male,0,48,Yes,Fiber optic,85.24,3676.61,No
CUST00507,Female,1,2,No,Fiber optic,70.27,131.86,Yes
CUST00508,Male,1,13,No,No,70.09,958.93,No
CUST00509,Female,1,39,Yes,DSL,25.33,710.0,Yes
CUST00510,Female,0,52,No,DSL,77.05,3925.41,No
CUST00511,Male,0,12,Yes,Fiber optic,46.27,490.72,No
CUST00512,Male,1,1,No,No,90.11,96.73,No
CUST00513,Male,1,49,No,DSL,37.82,1691.43,Yes
CUST00514,Male,1,58,Yes,DSL,80.42,4943.71,No
CUST00515,Female,0,39,Yes,No,84.48,3383.56,No
CUST00516,Female,0,19,Yes,Fiber optic,53.24,987.12,No
CUST00517,Female,0,12,Yes,No,66.45,704.78,No
CUST00518,Male,1,50,Yes,No,40.72,1758.19,No
CUST00519,Female,1,7,Yes,DSL,99.71,755.23,No
CUST00520,Female,0,12,Yes,Fiber optic,28.21,429.25,Yes
CUST00521,Male,1,10,Yes,Fiber optic,97.92,943.06,Yes
CUST00522,Female,1,7,No,DSL,90.3,616.72,Yes
CUST00523,Male,0,7,No,Fiber optic,71.87,548.21,No
CUST00524,Male,0,12,Yes,No,63.69,722.68,No
CUST00525,Male,0,10,Yes,DSL,69.8,777.06,No
CUST00526,Male,0,58,No,Fiber optic,25.22,1204.87,No
CUST00527,Male,0,20,Yes,DSL,30.54,631.78,No
CUST00528,Female,0,9,No,DSL,86.75,734.54,No
CUST00529,Male,1,36,Yes,Fiber optic,64.76,,Yes
CUST00530,Male,0,28,Yes,DSL,61.81,1469.41,No
CUST00531,Male,1,7,Yes,DSL,76.81,500.63,No
CUST00532,Female,0,2,No,Fiber optic,76.9,144.71,No
CUST00533,Male,0,11,No,Fiber optic,78.72,941.76,Yes
CUST00534,Male,0,10,No,Fiber optic,86.92,,No
CUST00535,Female,0,18,Yes,Fiber optic,43.3,636.22,No
CUST00536,Male,1,11,Yes,Fiber optic,101.71,1050.7,Yes
CUST00537,Male,1,28,No,DSL,30.14,657.13,No
CUST00538,Female,0,58,Yes,Fiber optic,36.66,2514.5,No
CUST00539,Female,0,46,Yes,DSL,60.04,2479.93,No
CUST00540,Female,0,0,Yes,No,70.13,,Yes
CUST00541,Female,0,0,No,DSL,97.0,,Yes
CUST00542,Female,0,30,No,Fiber optic,26.32,1051.36,No
CUST00543,Male,0,1,No,No,106.48,99.01,Yes
CUST00544,Male,0,43,No,Fiber optic,74.36,2971.12,No
CUST00545,Female,0,44,No,DSL,45.29,1943.29,No
CUST00546,Male,0,6,No,No,95.71,599.58,Yes
CUST00547,Female,0,8,No,No,94.25,698.65,Yes
CUST00548,Female,0,33,No,No,69.28,2206.39,No
CUST00549,Female,0,56,Yes,No,43.58,2019.66,No
CUST00550,Male,0,0,Yes,DSL,75.79,,Yes
CUST00551,Female,1,11,Yes,DSL,92.93,1074.7,No
CUST00552,Female,0,3,Yes,DSL,80.0,240.13,Yes
CUST00553,Male,0,13,No,Fiber optic,35.2,527.71,Yes
CUST00554,Male,0,4,Yes,Fiber optic,108.38,410.63,No
CUST00555,Male,0,66,No,DSL,38.23,2450.91,No
CUST00556,Female,0,64,Yes,No,78.93,4670.74,No
CUST00557,Male,0,11,No,Fiber optic,95.94,975.59,No
CUST00558,Male,0,10,Yes,Fiber optic,85.0,803.11,Yes
CUST00559,Male,0,12,No,Fiber optic,30.75,374.38,No
CUST00560,Female,0,0,No,No,97.42,,Yes
CUST00561,Female,0,4,Yes,No,74.29,306.56,No
CUST00562,Female,1,53,No,Fiber optic,83.08,4191.89,No
CUST00563,Female,0,7,No,No,104.61,689.23,No
CUST00564,Female,0,5,Yes,No,98.0,451.68,Yes
CUST00565,Female,0,16,No,Fiber optic,52.95,906.36,No
CUST00566,Male,1,1,No,Fiber optic,63.35,59.73,No
CUST00567,Male,0,70,No,Fiber optic,42.02,2396.56,No
CUST00568,Male,0,55,Yes,DSL,39.39,2001.17,No
CUST00569,Male,1,23,Yes,DSL,50.83,1359.37,Yes
CUST00570,Male,0,32,Yes,DSL,30.06,1130.85,No
CUST00571,Female,1,33,No,Fiber optic,42.95,1573.98,No
CUST00572,Male,0,8,No,No,93.12,805.16,Yes
CUST00573,Male,0,47,No,Fiber optic,40.16,1614.58,No
CUST00574,Female,1,50,Yes,Fiber optic,48.57,2871.31,No
CUST00575,Male,0,21,No,Fiber optic,56.53,994.85,No
CUST00576,Female,0,45,Yes,Fiber optic,32.3,1517.19,No
CUST00577,Female,1,20,No,Fiber optic,47.7,755.89,No
CUST00578,Female,0,12,No,DSL,68.98,927.21,No
CUST00579,Male,0,0,Yes,Fiber optic,79.04,,Yes
CUST00580,Male,1,1,Yes,DSL,101.3,99.06,No
CUST00581,Male,0,2,No,DSL,106.95,208.84,Yes
CUST00582,Female,0,12,No,Fiber optic,46.35,444.76,No
CUST00583,Male,0,36,No,Fiber optic,36.28,,Yes
CUST00584,Male,0,67,Yes,Fiber optic,98.32,7187.55,Yes
CUST00585,Male,1,10,No,DSL,85.52,800.75,No
CUST00586,Male,0,38,Yes,DSL,68.77,2799.9,No
CUST00587,Female,0,0,Yes,No,90.88,,No
CUST00588,Female,0,5,No,No,99.67,543.12,No
CUST00589,Female,1,42,No,DSL,34.71,1097.96,No
CUST00590,Female,0,29,No,Fiber optic,35.12,1269.42,Yes
CUST00591,Male,0,68,Yes,No,24.75,1915.5,No
CUST00592,Female,0,22,No,DSL,56.15,1369.5,No
CUST00593,Female,1,46,Yes,No,62.72,2901.25,No
CUST00594,Male,0,37,No,DSL,68.71,2654.48,No
CUST00595,Male,1,10,No,DSL,87.12,950.53,Yes
CUST00596,Female,0,1,Yes,DSL,83.25,92.72,No
CUST00597,Male,0,72,Yes,DSL,66.77,4310.77,No
CUST00598,Male,1,66,Yes,Fiber optic,55.13,3106.45,No
CUST00599,Male,1,2,No,DSL,77.75,152.59,Yes
CUST00600,Female,0,12,Yes,Fiber optic,73.24,805.47,No
CUST00601,Male,1,20,No,DSL,49.13,1026.55,No
CUST00602,Male,0,58,No,DSL,53.51,2841.21,No
CUST00603,Female,0,43,Yes,Fiber optic,64.33,3190.42,No
CUST00604,Female,0,27,No,DSL,28.51,992.07,No
CUST00605,Female,0,11,No,No,97.89,1076.66,Yes
CUST00606,Male,1,51,Yes,Fiber optic,96.94,4768.56,No
CUST00607,Male,0,2,No,DSL,108.94,226.69,Yes
CUST00608,Female,0,8,No,DSL,91.32,653.15,No
CUST00609,Female,0,65,No,Fiber optic,36.18,2838.51,No
CUST00610,Male,0,60,Yes,Fiber optic,54.47,3718.83,No
CUST00611,Male,0,3,Yes,Fiber optic,93.68,281.11,Yes
CUST00612,Male,0,59,No,DSL,25.78,,No
CUST00613,Male,0,7,Yes,Fiber optic,64.0,510.76,No
CUST00614,Male,0,0,No,No,107.39,,Yes
CUST00615,Female,1,25,No,No,20.68,728.54,No
CUST00616,Male,0,22,No,DSL,24.69,485.69,No
CUST00617,Male,1,26,Yes,Fiber optic,57.57,1257.79,No
CUST00618,Male,0,8,Yes,Fiber optic,81.15,717.56,Yes
CUST00619,Male,0,3,Yes,DSL,79.73,228.31,No
CUST00620,Female,0,56,Yes,No,57.86,3530.94,No
CUST00621,Female,0,10,No,DSL,61.28,574.22,No
CUST00622,Male,0,3,No,No,72.98,194.64,Yes
CUST00623,Female,1,40,Yes,Fiber optic,97.33,3713.24,No
CUST00624,Female,0,10,No,DSL,101.64,965.69,No
CUST00625,Male,0,20,Yes,DSL,55.88,1033.31,No
CUST00626,Male,0,11,No,Fiber optic,94.77,1035.19,Yes
CUST00627,Female,0,44,No,No,66.22,3299.09,No
CUST00628,Male,0,11,No,Fiber optic,101.29,1076.28,Yes
CUST00629,Female,0,56,No,No,63.96,4104.55,No
CUST00630,Male,0,1,Yes,DSL,74.81,73.34,Yes
CUST00631,Female,0,17,Yes,No,32.03,538.3,No
CUST00632,Male,0,31,Yes,Fiber optic,81.18,2603.87,Yes
CUST00633,Female,0,10,Yes,Fiber optic,93.88,850.77,Yes
CUST00634,Female,0,47,No,Fiber optic,78.01,4126.88,No
CUST00635,Female,1,10,Yes,DSL,67.07,621.15,No
CUST00636,Male,0,12,No,No,45.42,533.25,No
CUST00637,Female,1,10,Yes,Fiber optic,69.61,708.48,No
CUST00638,Male,0,5,Yes,DSL,67.51,351.92,No
CUST00639,Female,1,36,No,No,44.91,1469.28,Yes
CUST00640,Female,1,58,No,Fiber optic,53.96,3068.61,Yes
CUST00641,Male,0,66,No,No,67.87,4478.66,No
CUST00642,Female,1,60,Yes,No,45.24,3150.72,No
CUST00643,Female,0,23,No,Fiber optic,23.68,437.88,No
CUST00644,Female,1,7,No,Fiber optic,87.88,603.04,Yes
CUST00645,Male,0,48,Yes,No,50.92,2266.21,No
CUST00646,Female,0,61,Yes,Fiber optic,96.11,5698.66,No
CUST00647,Female,0,7,No,No,91.05,660.37,No
CUST00648,Female,0,3,No,Fiber optic,63.56,193.82,No
CUST00649,Male,0,11,No,No,85.57,957.21,Yes
CUST00650,Female,0,2,No,No,99.67,184.37,Yes
CUST00651,Female,0,4,No,DSL,80.04,323.5,Yes
CUST00652,Female,0,56,No,Fiber optic,75.11,4383.29,No
CUST00653,Male,1,3,No,DSL,94.65,255.49,No
CUST00654,Female,0,2,Yes,DSL,79.92,163.2,Yes
CUST00655,Female,0,43,Yes,Fiber optic,55.35,2797.48,No
CUST00656,Female,0,58,No,DSL,36.26,1606.56,No
CUST00657,Female,0,45,No,No,69.81,2954.65,No
CUST00658,Female,0,3,Yes,Fiber optic,64.17,182.53,Yes
CUST00659,Male,0,29,Yes,DSL,69.47,1750.6,No
CUST00660,Female,1,1,Yes,DSL,60.3,60.39,No
CUST00661,Female,0,10,Yes,No,63.14,574.81,No
CUST00662,Male,0,1,Yes,Fiber optic,82.51,89.7,Yes
CUST00663,Male,0,2,No,No,63.39,110.31,No
CUST00664,Male,0,12,No,DSL,94.49,1249.28,No
CUST00665,Male,1,69,No,No,52.55,2983.69,No
CUST00666,Female,1,58,No,Fiber optic,52.25,2700.2,Yes
CUST00667,Male,0,4,No,Fiber optic,73.11,281.52,No
CUST00668,Male,0,4,No,DSL,64.68,263.94,No
CUST00669,Female,0,22,Yes,DSL,76.78,1504.0,No
CUST00670,Male,0,9,No,Fiber optic,96.81,839.95,No
CUST00671,Female,0,61,No,No,34.86,2677.08,No
CUST00672,Male,0,1,Yes,No,97.92,89.47,Yes
CUST00673,Female,0,47,Yes,Fiber optic,23.35,1197.44,No
CUST00674,Male,0,10,Yes,No,107.07,992.67,No
CUST00675,Female,0,1,No,No,74.84,74.24,No
CUST00676,Male,1,69,No,No,40.82,2164.83,No
CUST00677,Female,1,48,No,Fiber optic,74.06,3630.36,No
CUST00678,Female,0,0,No,Fiber optic,93.85,,No
CUST00679,Female,0,4,Yes,Fiber optic,64.85,248.58,No
CUST00680,Male,1,2,No,Fiber optic,83.75,184.78,Yes
CUST00681,Male,0,6,Yes,No,87.18,519.16,Yes
CUST00682,Male,1,53,Yes,DSL,64.72,3827.17,No
CUST00683,Female,0,7,No,DSL,70.07,521.88,Yes
CUST00684,Male,0,9,Yes,DSL,108.21,962.97,Yes
CUST00685,Female,1,6,No,Fiber optic,79.16,462.25,Yes
CUST00686,Male,0,19,No,Fiber optic,90.41,1890.66,No
CUST00687,Female,0,43,No,Fiber optic,44.0,2271.11,No
CUST00688,Male,0,47,Yes,No,42.33,1585.14,No
CUST00689,Female,0,1,No,No,78.56,71.89,Yes
CUST00690,Male,0,46,Yes,Fiber optic,90.56,3848.57,No
CUST00691,Male,0,37,Yes,Fiber optic,68.89,2394.28,No
CUST00692,Male,0,64,Yes,DSL,95.75,6552.54,No
CUST00693,Male,0,34,Yes,Fiber optic,36.53,1250.31,No
CUST00694,Female,0,54,Yes,Fiber optic,48.16,3060.27,No
CUST00695,Female,0,47,No,Fiber optic,36.6,1811.13,No
CUST00696,Female,0,4,Yes,DSL,68.43,304.94,No
CUST00697,Male,0,58,No,Fiber optic,34.99,2502.67,No
CUST00698,Male,0,25,Yes,Fiber optic,69.8,1495.9,No
CUST00699,Male,0,58,No,No,50.21,3423.72,No
CUST00700,Female,0,33,Yes,DSL,50.48,1455.89,No
CUST00701,Male,0,59,Yes,Fiber optic,51.17,3322.43,No
CUST00702,Male,0,6,No,DSL,109.16,,Yes
CUST00703,Male,0,0,No,Fiber optic,88.36,,No
CUST00704,Male,0,11,No,No,106.36,1230.47,Yes
CUST00705,Male,0,0,Yes,Fiber optic,89.33,,No
CUST00706,Female,0,71,Yes,Fiber optic,52.71,3827.33,Yes
CUST00707,Female,1,11,Yes,Fiber optic,66.63,747.56,No
CUST00708,Male,0,38,No,No,63.32,2540.05,No
CUST00709,Male,0,68,No,No,32.79,1648.54,No
CUST00710,Female,0,46,No,DSL,55.0,2164.09,No
CUST00711,Male,0,47,Yes,DSL,83.41,4300.29,No
CUST00712,Female,0,9,Yes,DSL,101.18,969.78,No
CUST00713,Female,0,42,No,DSL,99.69,4088.9,No
CUST00714,Female,0,9,No,Fiber optic,61.94,487.67,No
CUST00715,Male,1,69,No,DSL,27.68,2223.47,No
CUST00716,Female,1,59,No,DSL,59.01,3076.9,Yes
CUST00717,Male,0,33,Yes,DSL,49.23,1877.22,No
CUST00718,Male,0,25,No,DSL,92.5,2515.86,No
CUST00719,Female,0,18,No,DSL,68.8,1380.69,No
CUST00720,Male,0,43,Yes,Fiber optic,57.7,2291.79,No
CUST00721,Male,0,2,Yes,Fiber optic,108.89,225.39,Yes
CUST00722,Male,1,37,Yes,DSL,91.6,3293.19,Yes
CUST00723,Female,1,32,Yes,No,70.53,2172.72,No
CUST00724,Female,0,23,Yes,DSL,26.03,611.87,No
CUST00725,Male,0,1,No,Fiber optic,90.54,99.86,Yes
CUST00726,Female,0,22,No,Fiber optic,73.02,1719.08,No
CUST00727,Male,0,52,No,Fiber optic,91.41,4690.81,No
CUST00728,Female,0,72,No,DSL,75.15,,No
CUST00729,Male,0,4,No,DSL,63.61,236.22,No
CUST00730,Female,1,7,No,DSL,101.15,,Yes
CUST00731,Female,1,71,Yes,DSL,40.83,2492.26,No
CUST00732,Male,0,8,No,Fiber optic,103.77,,Yes
CUST00733,Female,0,22,Yes,Fiber optic,89.9,2058.56,No
CUST00734,Male,1,11,No,Fiber optic,104.88,,No
CUST00735,Male,0,64,Yes,Fiber optic,42.18,2531.48,No
CUST00736,Male,0,31,Yes,Fiber optic,73.29,2476.28,No
CUST00737,Male,1,9,Yes,Fiber optic,105.83,909.46,Yes
CUST00738,Male,0,24,Yes,DSL,58.52,1479.0,No
CUST00739,Male,0,6,No,Fiber optic,106.12,590.75,Yes
CUST00740,Female,0,4,No,Fiber optic,107.31,402.93,Yes
CUST00741,Male,1,71,Yes,Fiber optic,81.19,5760.47,Yes
CUST00742,Male,0,1,Yes,DSL,93.68,84.06,No
CUST00743,Male,0,35,No,Fiber optic,49.92,1534.32,Yes
CUST00744,Female,0,35,Yes,Fiber optic,90.74,3148.65,No
CUST00745,Male,1,57,Yes,Fiber optic,60.18,3914.05,No
CUST00746,Female,0,7,No,DSL,82.16,594.23,No
CUST00747,Male,1,12,No,DSL,37.06,458.98,Yes
CUST00748,Female,0,7,No,Fiber optic,66.63,,Yes
CUST00749,Male,0,2,Yes,No,74.9,168.61,Yes
CUST00750,Female,1,45,No,DSL,73.12,3456.41,Yes
CUST00751,Female,0,2,Yes,No,85.28,181.46,No
CUST00752,Male,0,59,Yes,DSL,72.75,4195.2,No
CUST00753,Female,1,69,No,Fiber optic,44.91,3069.31,No
CUST00754,Male,0,0,Yes,Fiber optic,63.52,,No
CUST00755,Male,0,63,No,DSL,98.9,6780.46,No
CUST00756,Female,0,12,Yes,DSL,87.11,1105.08,No
CUST00757,Male,0,70,Yes,Fiber optic,20.91,1859.05,No
CUST00758,Female,0,9,Yes,DSL,94.15,905.53,No
CUST00759,Female,0,58,Yes,DSL,72.31,,No
CUST00760,Female,0,63,Yes,Fiber optic,70.12,4506.32,Yes
CUST00761,Female,0,2,No,No,68.79,120.09,No
CUST00762,Female,1,71,Yes,No,68.32,4418.26,Yes
CUST00763,Male,0,2,No,Fiber optic,84.3,186.09,Yes
CUST00764,Female,0,18,No,DSL,49.84,1042.89,No
CUST00765,Male,0,34,Yes,Fiber optic,48.41,1358.56,No
CUST00766,Female,1,7,No,Fiber optic,97.6,728.39,Yes
CUST00767,Male,0,68,Yes,Fiber optic,48.81,2754.06,No
CUST00768,Male,0,54,No,DSL,98.0,4848.85,No
CUST00769,Male,1,61,No,Fiber optic,51.58,3277.83,Yes
CUST00770,Male,0,54,No,DSL,46.11,2278.6,No
CUST00771,Male,0,40,No,No,75.85,3256.95,No
CUST00772,Male,0,2,No,Fiber optic,74.29,157.57,No
CUST00773,Female,0,55,Yes,Fiber optic,73.05,4158.25,No
CUST00774,Female,1,8,Yes,No,85.38,728.5,Yes
CUST00775,Female,0,2,No,Fiber optic,64.16,143.72,Yes
CUST00776,Female,1,48,No,Fiber optic,45.11,2223.54,No
CUST00777,Male,0,10,No,Fiber optic,61.31,525.11,No
CUST00778,Female,0,69,No,Fiber optic,60.15,4744.34,No
CUST00779,Female,0,63,No,No,59.21,,No
CUST00780,Male,1,7,Yes,No,63.83,396.46,No
CUST00781,Male,0,0,Yes,No,95.75,,Yes
CUST00782,Female,0,6,Yes,No,60.85,373.29,No
CUST00783,Male,0,70,Yes,DSL,57.86,4329.37,No
CUST00784,Female,0,9,No,Fiber optic,84.8,693.93,No
CUST00785,Female,0,59,Yes,Fiber optic,82.09,,No
CUST00786,Female,0,0,Yes,No,105.55,,Yes
CUST00787,Female,0,12,Yes,No,33.92,373.53,No
CUST00788,Female,0,11,No,Fiber optic,96.11,1028.26,Yes
CUST00789,Male,0,8,Yes,DSL,85.61,,Yes
CUST00790,Male,0,18,Yes,DSL,70.17,1414.92,No
CUST00791,Female,0,2,Yes,DSL,72.61,156.54,Yes
CUST00792,Male,0,24,No,DSL,47.3,1011.2,No
CUST00793,Female,0,69,No,No,68.9,5202.58,No
CUST00794,Female,0,63,Yes,No,57.0,4096.2,No
CUST00795,Male,0,37,Yes,DSL,61.59,2310.36,No
CUST00796,Male,0,48,Yes,Fiber optic,70.89,3841.25,Yes
CUST00797,Male,0,1,No,DSL,92.18,94.36,No
CUST00798,Male,0,6,Yes,DSL,60.44,321.77,No
CUST00799,Male,1,11,No,Fiber optic,74.4,794.37,Yes
CUST00800,Female,1,9,Yes,Fiber optic,85.79,,Yes
CUST00801,Female,0,24,Yes,DSL,38.12,,No
CUST00802,Female,0,32,Yes,No,29.2,988.9,No
CUST00803,Male,1,63,Yes,No,45.46,2760.26,No
CUST00804,Male,0,26,Yes,Fiber optic,80.7,2176.42,No
CUST00805,Female,0,23,Yes,Fiber optic,51.63,1351.46,No
CUST00806,Female,0,11,No,Fiber optic,67.64,654.53,No
CUST00807,Male,0,20,No,DSL,44.91,1090.54,No
CUST00808,Male,1,12,No,Fiber optic,76.07,866.9,No
CUST00809,Male,0,63,No,Fiber optic,31.08,1642.9,No
CUST00810,Female,0,11,Yes,DSL,94.61,1116.88,No
CUST00811,Male,0,9,Yes,No,94.48,897.52,Yes
CUST00812,Male,0,35,Yes,DSL,65.5,2407.22,No
CUST00813,Male,1,5,No,DSL,104.04,533.04,Yes
CUST00814,Male,1,28,No,Fiber optic,46.37,1219.94,No
CUST00815,Male,0,11,Yes,DSL,97.02,968.48,No
CUST00816,Male,0,53,Yes,Fiber optic,76.88,3757.7,No
CUST00817,Female,0,1,No,DSL,67.33,67.4,No
CUST00818,Male,0,72,No,DSL,45.77,3331.05,No
CUST00819,Male,0,7,No,DSL,71.35,442.01,No
CUST00820,Female,0,28,No,DSL,42.76,,No
CUST00821,Female,0,29,No,DSL,58.74,1646.51,No
CUST00822,Female,1,13,No,DSL,51.36,676.7,Yes
CUST00823,Female,0,26,Yes,DSL,20.3,637.84,No
CUST00824,Female,0,70,No,Fiber optic,58.29,4196.51,No
CUST00825,Female,0,35,Yes,Fiber optic,82.54,3106.57,No
CUST00826,Female,0,64,No,Fiber optic,98.1,5640.98,Yes
CUST00827,Male,1,21,Yes,Fiber optic,32.24,764.73,Yes
CUST00828,Male,0,8,Yes,DSL,100.83,853.51,No
CUST00829,Male,0,12,Yes,DSL,58.98,815.19,No
CUST00830,Female,0,12,No,DSL,34.48,446.6,No
CUST00831,Female,1,41,Yes,DSL,52.44,2419.95,No
CUST00832,Female,1,52,Yes,Fiber optic,86.93,4368.43,No
CUST00833,Female,0,6,Yes,DSL,94.18,529.34,Yes
CUST00834,Male,0,6,Yes,DSL,89.82,578.05,No
CUST00835,Female,0,2,Yes,Fiber optic,91.52,192.3,Yes
CUST00836,Female,0,47,Yes,DSL,62.25,2957.05,No
CUST00837,Male,0,8,No,Fiber optic,82.36,611.89,Yes
CUST00838,Female,0,1,Yes,DSL,71.78,,Yes
CUST00839,Male,0,28,No,No,27.22,728.09,No
CUST00840,Female,0,5,Yes,Fiber optic,77.14,355.09,No
CUST00841,Female,1,55,Yes,Fiber optic,69.19,4056.65,No
CUST00842,Female,0,4,No,DSL,100.32,424.09,Yes
CUST00843,Male,0,49,No,Fiber optic,62.98,3535.61,No
CUST00844,Male,1,19,Yes,DSL,32.17,701.04,No
CUST00845,Male,0,7,Yes,DSL,80.95,498.42,Yes
CUST00846,Male,0,6,No,DSL,65.43,432.8,No
CUST00847,Male,0,1,Yes,DSL,79.45,77.86,Yes
CUST00848,Female,0,19,Yes,No,61.76,1248.62,No
CUST00849,Male,0,51,No,DSL,60.15,3471.94,No
CUST00850,Female,1,29,Yes,Fiber optic,56.57,1377.04,No
CUST00851,Male,0,65,Yes,DSL,26.71,1676.82,No
CUST00852,Female,0,2,No,DSL,87.01,183.36,Yes
CUST00853,Male,1,0,No,Fiber optic,72.43,,Yes
CUST00854,Female,0,4,No,No,99.68,392.57,No
CUST00855,Female,0,0,Yes,DSL,83.69,,Yes
CUST00856,Female,0,8,No,Fiber optic,103.28,844.07,Yes
CUST00857,Male,0,32,Yes,Fiber optic,67.67,1925.8,No
CUST00858,Male,0,28,Yes,Fiber optic,69.8,1767.47,Yes
CUST00859,Male,0,6,No,Fiber optic,60.19,416.58,No
CUST00860,Female,0,22,No,DSL,100.0,2111.7,No
CUST00861,Male,0,1,Yes,No,107.46,110.71,Yes
CUST00862,Male,1,12,Yes,Fiber optic,94.37,1024.23,No
CUST00863,Male,0,61,No,DSL,75.26,4682.15,No
CUST00864,Female,0,25,Yes,No,22.12,374.82,No
CUST00865,Male,0,27,Yes,DSL,34.05,1039.96,No
CUST00866,Male,1,45,Yes,DSL,31.22,1735.8,Yes
CUST00867,Male,0,7,No,DSL,61.5,484.32,No
CUST00868,Female,1,3,No,No,99.82,321.38,Yes
CUST00869,Female,0,9,Yes,DSL,74.09,690.03,Yes
CUST00870,Male,0,30,No,DSL,41.35,1189.35,No
CUST00871,Female,0,61,No,DSL,74.48,3990.49,No
CUST00872,Female,0,3,Yes,DSL,104.42,311.04,Yes
CUST00873,Female,0,30,Yes,DSL,84.45,2628.07,No
CUST00874,Male,0,55,No,No,58.16,3383.21,No
CUST00875,Male,0,21,No,DSL,77.98,1747.79,No
CUST00876,Male,1,6,No,DSL,98.49,547.47,No
CUST00877,Male,1,64,No,Fiber optic,72.2,4545.99,Yes
CUST00878,Male,0,13,No,Fiber optic,62.34,697.21,No
CUST00879,Male,1,12,Yes,No,32.23,443.44,No
CUST00880,Male,0,20,No,Fiber optic,30.38,685.32,No
CUST00881,Female,0,33,No,DSL,84.69,3053.03,No
CUST00882,Female,0,7,No,DSL,92.83,666.16,No
CUST00883,Male,1,24,No,Fiber optic,88.15,2066.69,No
CUST00884,Male,1,65,Yes,DSL,62.89,4630.76,No
CUST00885,Male,0,64,Yes,DSL,33.65,1914.38,No
CUST00886,Male,0,1,Yes,No,76.6,73.57,Yes
CUST00887,Male,0,10,Yes,Fiber optic,87.59,818.47,No
CUST00888,Female,0,66,No,DSL,78.38,4733.62,No
CUST00889,Male,0,46,Yes,Fiber optic,93.84,4748.11,No
CUST00890,Female,1,56,No,DSL,92.85,5406.37,No
CUST00891,Male,0,59,No,Fiber optic,90.58,4912.76,No
CUST00892,Male,0,21,No,No,98.73,1976.7,No
CUST00893,Male,0,2,Yes,Fiber optic,107.06,232.21,Yes
CUST00894,Male,0,4,Yes,Fiber optic,67.7,240.03,No
CUST00895,Male,1,9,Yes,DSL,105.72,885.83,Yes
CUST00896,Male,0,13,Yes,DSL,49.64,723.29,No
CUST00897,Male,0,17,Yes,DSL,45.55,724.41,No
CUST00898,Female,0,4,No,Fiber optic,73.75,255.82,No
CUST00899,Male,0,34,Yes,DSL,95.64,3440.71,No
CUST00900,Female,0,5,Yes,Fiber optic,64.37,289.46,No
CUST00901,Female,0,4,No,DSL,105.15,386.49,Yes
CUST00902,Female,0,35,Yes,No,75.97,2420.39,No
CUST00903,Female,0,71,Yes,Fiber optic,20.93,1213.89,No
CUST00904,Female,0,30,No,Fiber optic,60.5,1516.67,No
CUST00905,Male,0,9,No,DSL,90.1,,No
CUST00906,Female,0,69,Yes,No,46.91,2781.46,No
CUST00907,Female,1,2,Yes,DSL,106.07,216.5,Yes
CUST00908,Male,0,43,No,DSL,27.3,1225.18,No
CUST00909,Male,0,11,Yes,No,69.6,,No
CUST00910,Female,0,15,No,DSL,20.36,391.96,No
CUST00911,Female,0,40,No,DSL,23.93,1283.16,No
CUST00912,Female,1,7,Yes,DSL,64.93,448.66,No
CUST00913,Male,0,65,No,No,38.33,1900.63,No
CUST00914,Female,1,11,No,DSL,83.35,980.66,Yes
CUST00915,Male,0,4,Yes,Fiber optic,66.62,302.35,No
CUST00916,Male,0,52,Yes,No,20.57,1380.76,No
CUST00917,Male,0,62,No,Fiber optic,96.63,5692.91,Yes
CUST00918,Female,0,29,No,Fiber optic,35.97,1321.14,Yes
CUST00919,Male,0,0,No,Fiber optic,101.65,,No
CUST00920,Male,0,16,Yes,Fiber optic,21.89,369.05,No
CUST00921,Male,0,12,Yes,DSL,44.62,502.16,No
CUST00922,Female,0,63,No,DSL,95.43,6539.49,No
CUST00923,Male,0,69,No,DSL,80.44,4950.03,No
CUST00924,Female,0,35,Yes,DSL,54.71,1822.68,No
CUST00925,Female,0,3,No,No,82.08,236.0,Yes
CUST00926,Male,0,5,No,DSL,82.25,382.18,No
CUST00927,Female,1,30,Yes,Fiber optic,86.49,2639.01,Yes
CUST00928,Male,1,10,No,No,105.63,1140.36,Yes
CUST00929,Female,0,55,Yes,Fiber optic,71.64,4440.92,No
CUST00930,Male,1,1,Yes,Fiber optic,102.07,99.9,Yes
CUST00931,Female,0,23,No,DSL,96.93,2308.53,No
CUST00932,Female,0,24,No,Fiber optic,57.31,1543.01,No
CUST00933,Male,0,5,Yes,DSL,108.44,527.35,No
CUST00934,Female,0,72,Yes,Fiber optic,39.99,2557.57,Yes
CUST00935,Female,0,69,Yes,Fiber optic,88.93,5809.94,No
CUST00936,Male,0,62,No,DSL,36.8,2457.71,No
CUST00937,Male,0,9,Yes,DSL,95.48,837.19,No
CUST00938,Male,0,60,No,Fiber optic,43.16,2169.03,No
CUST00939,Female,0,2,No,DSL,105.7,206.03,Yes
CUST00940,Male,0,3,No,Fiber optic,95.17,296.91,No
CUST00941,Male,0,38,Yes,No,98.41,3506.28,No
CUST00942,Male,0,12,Yes,Fiber optic,45.79,602.65,No
CUST00943,Male,0,36,Yes,DSL,74.07,2535.35,No
CUST00944,Female,0,6,No,No,82.44,487.7,Yes
CUST00945,Female,0,57,No,Fiber optic,62.9,3549.21,No
CUST00946,Female,0,7,Yes,DSL,80.18,521.14,Yes
CUST00947,Female,0,11,Yes,No,88.76,869.06,No
CUST00948,Male,0,10,Yes,Fiber optic,60.28,672.49,Yes
CUST00949,Male,0,4,No,Fiber optic,76.32,297.18,Yes
CUST00950,Male,0,13,No,DSL,90.88,1294.15,No
CUST00951,Female,0,0,Yes,Fiber optic,92.83,,No
CUST00952,Male,0,18,No,No,37.76,774.72,No
CUST00953,Male,0,19,No,Fiber optic,64.62,1056.56,Yes
CUST00954,Male,0,66,No,Fiber optic,60.13,,Yes
CUST00955,Male,0,41,Yes,No,94.94,3707.5,No
CUST00956,Female,0,8,Yes,No,83.08,634.18,Yes
CUST00957,Female,0,29,No,Fiber optic,55.36,1377.03,Yes
CUST00958,Male,0,11,Yes,DSL,104.95,1217.86,No
CUST00959,Male,0,30,No,Fiber optic,92.21,2658.74,No
CUST00960,Female,0,33,Yes,No,88.76,2695.43,No
CUST00961,Male,1,26,Yes,DSL,21.23,637.65,Yes
CUST00962,Female,0,5,Yes,DSL,67.01,295.64,No
CUST00963,Female,0,39,No,Fiber optic,95.29,3634.48,No
CUST00964,Male,1,9,Yes,DSL,90.52,761.53,Yes
CUST00965,Female,1,36,No,DSL,69.6,2176.24,Yes
CUST00966,Female,0,6,No,No,101.36,571.05,No
CUST00967,Female,0,37,Yes,No,49.44,1880.99,No
CUST00968,Female,0,70,No,DSL,86.14,6642.82,No
CUST00969,Female,0,26,Yes,DSL,45.35,1117.3,No
CUST00970,Male,1,12,Yes,Fiber optic,97.96,1078.89,No
CUST00971,Male,1,7,Yes,Fiber optic,102.86,789.48,Yes
CUST00972,Female,0,3,Yes,Fiber optic,83.9,249.56,Yes
CUST00973,Male,0,4,No,DSL,77.73,328.7,Yes
CUST00974,Male,0,8,Yes,DSL,60.67,,No
CUST00975,Female,1,1,Yes,Fiber optic,68.69,76.64,No
CUST00976,Female,0,34,No,DSL,83.51,3077.71,No
CUST00977,Female,0,43,Yes,DSL,71.83,2875.75,No
CUST00978,Male,0,3,No,DSL,79.48,233.81,No
CUST00979,Male,0,58,No,Fiber optic,39.86,1912.02,No
CUST00980,Female,0,39,No,DSL,69.57,3046.26,No
CUST00981,Female,0,6,Yes,Fiber optic,95.09,570.76,No
CUST00982,Female,1,4,Yes,No,74.63,300.03,Yes
CUST00983,Female,0,1,No,No,77.48,77.54,Yes
CUST00984,Female,0,19,No,DSL,36.62,776.29,No
CUST00985,Male,0,11,Yes,DSL,66.38,682.67,No
CUST00986,Female,0,37,No,Fiber optic,41.62,1596.44,No
CUST00987,Male,0,49,Yes,No,85.79,4386.87,No
CUST00988,Female,1,23,No,No,52.97,1146.28,No
CUST00989,Male,0,64,No,No,64.43,4404.29,No
CUST00990,Male,1,5,Yes,Fiber optic,104.79,518.81,No
CUST00991,Female,0,40,Yes,Fiber optic,77.57,2820.43,No
CUST00992,Female,0,66,No,Fiber optic,23.81,1856.95,No
CUST00993,Female,0,19,Yes,DSL,27.11,433.32,No
CUST00994,Male,0,10,Yes,Fiber optic,71.13,723.39,Yes
CUST00995,Female,0,9,No,DSL,89.9,753.69,Yes
CUST00996,Male,1,10,Yes,Fiber optic,90.77,841.18,No
CUST00997,Male,0,19,Yes,Fiber optic,58.59,1179.55,No
CUST00998,Male,0,17,No,No,36.15,546.51,No
CUST00999,Male,0,11,No,DSL,92.0,909.27,No
CUST01000,Female,0,26,Yes,DSL,39.5,865.23,No
